epoch,coxLoss,stratLoss,trainCI,valCI,variance
0,0.5459,0.0000,0.4474,0.4756,1.0334372520446777
1,0.5349,0.0000,0.4496,0.4763,1.031083345413208
2,0.5306,0.0000,0.4540,0.4772,1.0316413640975952
3,0.5287,0.0000,0.4502,0.4780,1.0273414850234985
4,0.5187,0.0000,0.4509,0.4788,1.0238499641418457
5,0.5370,0.0000,0.4481,0.4801,1.0192424058914185
6,0.5373,0.0000,0.4479,0.4811,1.025356411933899
7,0.5343,0.0000,0.4491,0.4821,1.0237948894500732
8,0.5253,0.0000,0.4527,0.4831,1.0159913301467896
9,0.5420,0.0000,0.4426,0.4840,1.0223853588104248
10,0.5158,0.0000,0.4554,0.4853,1.0133113861083984
11,0.5175,0.0000,0.4544,0.4864,1.0139340162277222
12,0.5028,0.0000,0.4590,0.4874,1.0123045444488525
13,0.5116,0.0000,0.4548,0.4883,1.0221325159072876
14,0.5084,0.0000,0.4555,0.4895,1.0165022611618042
15,0.4958,0.0000,0.4572,0.4903,1.0067744255065918
16,0.4909,0.0000,0.4623,0.4907,1.010715126991272
17,0.4921,0.0000,0.4619,0.4914,1.0077563524246216
18,0.4959,0.0000,0.4587,0.4920,1.001078486442566
19,0.4949,0.0000,0.4620,0.4928,1.000777244567871
20,0.4669,0.0000,0.4689,0.4936,1.0011827945709229
21,0.4993,0.0000,0.4560,0.4944,0.9986699223518372
22,0.4796,0.0000,0.4637,0.4950,0.9951069951057434
23,0.4739,0.0000,0.4654,0.4954,0.9981658458709717
24,0.4760,0.0000,0.4665,0.4959,0.9968268275260925
25,0.4759,0.0000,0.4650,0.4964,0.9845478534698486
26,0.4658,0.0000,0.4751,0.4970,0.9950146079063416
27,0.4550,0.0000,0.4749,0.4974,0.9816807508468628
28,0.4657,0.0000,0.4663,0.4978,0.995262622833252
29,0.4692,0.0000,0.4764,0.4981,0.9788596034049988
30,0.4623,0.0000,0.4740,0.4986,0.9847850799560547
31,0.4648,0.0000,0.4741,0.4987,0.9776342511177063
32,0.4613,0.0000,0.4723,0.4992,0.9701330065727234
33,0.4438,0.0000,0.4788,0.4996,0.9735356569290161
34,0.4346,0.0000,0.4810,0.5000,0.9714261889457703
35,0.4420,0.0000,0.4778,0.5005,0.9687090516090393
36,0.4433,0.0000,0.4779,0.5008,0.9653043150901794
37,0.4425,0.0000,0.4739,0.5013,0.9687674641609192
38,0.4511,0.0000,0.4759,0.5018,0.958285391330719
39,0.4246,0.0000,0.4858,0.5022,0.969873309135437
40,0.4374,0.0000,0.4805,0.5026,0.9632721543312073
41,0.4313,0.0000,0.4810,0.5030,0.9640204310417175
42,0.4271,0.0000,0.4853,0.5033,0.956055760383606
43,0.4360,0.0000,0.4805,0.5036,0.957389235496521
44,0.4322,0.0000,0.4782,0.5040,0.9507697224617004
45,0.4294,0.0000,0.4854,0.5045,0.9477677345275879
46,0.4042,0.0000,0.4930,0.5051,0.9610055685043335
47,0.4206,0.0000,0.4859,0.5057,0.9451212882995605
48,0.4155,0.0000,0.4861,0.5060,0.9412420988082886
49,0.4104,0.0000,0.4929,0.5064,0.9438126087188721
50,0.4158,0.0000,0.4831,0.5068,0.9490367770195007
51,0.4045,0.0000,0.4946,0.5072,0.9399414658546448
52,0.4062,0.0000,0.4899,0.5077,0.9362531304359436
53,0.3962,0.0000,0.4934,0.5083,0.9436524510383606
54,0.4061,0.0000,0.4901,0.5086,0.943469226360321
55,0.3974,0.0000,0.4924,0.5089,0.9407426118850708
56,0.3976,0.0000,0.4935,0.5094,0.9318171739578247
57,0.3898,0.0000,0.4959,0.5098,0.9355055689811707
58,0.3782,0.0000,0.4986,0.5101,0.9269896149635315
59,0.3751,0.0000,0.4994,0.5105,0.9282565116882324
60,0.3881,0.0000,0.4950,0.5110,0.9285577535629272
61,0.3831,0.0000,0.4933,0.5113,0.9266977906227112
62,0.3701,0.0000,0.5009,0.5114,0.9231231212615967
63,0.3865,0.0000,0.4949,0.5118,0.9231656789779663
64,0.3726,0.0000,0.4991,0.5122,0.9238981008529663
65,0.3802,0.0000,0.4984,0.5128,0.9210854768753052
66,0.3670,0.0000,0.5037,0.5132,0.9082996249198914
67,0.3638,0.0000,0.5017,0.5137,0.9174497127532959
68,0.3702,0.0000,0.5009,0.5141,0.9204938411712646
69,0.3561,0.0000,0.5039,0.5144,0.9068652987480164
70,0.3597,0.0000,0.5049,0.5149,0.9095653891563416
71,0.3555,0.0000,0.5062,0.5153,0.9051612019538879
72,0.3580,0.0000,0.5028,0.5157,0.9087145328521729
73,0.3497,0.0000,0.5030,0.5161,0.9043274521827698
74,0.3576,0.0000,0.5029,0.5165,0.8931772112846375
75,0.3617,0.0000,0.5039,0.5170,0.9074128270149231
76,0.3456,0.0000,0.5113,0.5173,0.9012208580970764
77,0.3420,0.0000,0.5085,0.5176,0.9029273390769958
78,0.3449,0.0000,0.5054,0.5181,0.8976659774780273
79,0.3133,0.0000,0.5181,0.5186,0.8986578583717346
80,0.3487,0.0000,0.5077,0.5189,0.8928099274635315
81,0.3265,0.0000,0.5143,0.5193,0.8885520696640015
82,0.3318,0.0000,0.5139,0.5198,0.8890392780303955
83,0.3359,0.0000,0.5090,0.5203,0.8905012011528015
84,0.3097,0.0000,0.5195,0.5207,0.8832184076309204
85,0.3292,0.0000,0.5139,0.5213,0.8839511275291443
86,0.3227,0.0000,0.5144,0.5219,0.8743281364440918
87,0.3142,0.0000,0.5165,0.5225,0.884085476398468
88,0.3169,0.0000,0.5168,0.5228,0.8780221343040466
89,0.3317,0.0000,0.5104,0.5232,0.8756066560745239
90,0.3114,0.0000,0.5179,0.5236,0.8710172772407532
91,0.3091,0.0000,0.5206,0.5242,0.8715816140174866
92,0.3125,0.0000,0.5225,0.5247,0.8784973621368408
93,0.3114,0.0000,0.5208,0.5252,0.8741396069526672
94,0.3020,0.0000,0.5222,0.5257,0.8625015020370483
95,0.3040,0.0000,0.5206,0.5263,0.8734140396118164
96,0.3206,0.0000,0.5164,0.5269,0.8677095174789429
97,0.3064,0.0000,0.5237,0.5273,0.8636272549629211
98,0.3013,0.0000,0.5192,0.5278,0.8641793727874756
99,0.2929,0.0000,0.5267,0.5283,0.8647008538246155
100,0.2951,0.0000,0.5222,0.5287,0.8605479001998901
101,0.2917,0.0000,0.5271,0.5292,0.8600241541862488
102,0.2994,0.0000,0.5249,0.5297,0.8559859395027161
103,0.2933,0.0000,0.5239,0.5302,0.852488100528717
104,0.2832,0.0000,0.5270,0.5307,0.8533438444137573
105,0.2924,0.0000,0.5251,0.5312,0.8513339161872864
106,0.2809,0.0000,0.5269,0.5317,0.8528332114219666
107,0.2784,0.0000,0.5318,0.5324,0.8498837947845459
108,0.2726,0.0000,0.5299,0.5332,0.8430205583572388
109,0.2700,0.0000,0.5336,0.5337,0.8472851514816284
110,0.2615,0.0000,0.5402,0.5343,0.8414522409439087
111,0.2683,0.0000,0.5344,0.5348,0.8481449484825134
112,0.2571,0.0000,0.5382,0.5352,0.8429917097091675
113,0.2650,0.0000,0.5348,0.5357,0.836052656173706
114,0.2600,0.0000,0.5367,0.5362,0.8326109647750854
115,0.2467,0.0000,0.5424,0.5366,0.8310930728912354
116,0.2515,0.0000,0.5415,0.5375,0.8356313705444336
117,0.2429,0.0000,0.5418,0.5381,0.832859992980957
118,0.2271,0.0000,0.5488,0.5387,0.8321970701217651
119,0.2432,0.0000,0.5416,0.5393,0.8304705619812012
120,0.2463,0.0000,0.5416,0.5400,0.825383722782135
121,0.2365,0.0000,0.5460,0.5406,0.8283735513687134
122,0.2388,0.0000,0.5412,0.5410,0.8304126262664795
123,0.2257,0.0000,0.5492,0.5418,0.8216753602027893
124,0.2322,0.0000,0.5439,0.5422,0.8206368684768677
125,0.2115,0.0000,0.5548,0.5427,0.8192958235740662
126,0.2164,0.0000,0.5518,0.5433,0.8169220089912415
127,0.2288,0.0000,0.5477,0.5438,0.8139773011207581
128,0.1941,0.0000,0.5575,0.5445,0.8113851547241211
129,0.2085,0.0000,0.5529,0.5451,0.8181586861610413
130,0.2053,0.0000,0.5574,0.5457,0.8119995594024658
131,0.2066,0.0000,0.5566,0.5467,0.8146243691444397
132,0.1988,0.0000,0.5615,0.5476,0.8119074106216431
133,0.1668,0.0000,0.5712,0.5483,0.8136300444602966
134,0.1869,0.0000,0.5636,0.5489,0.8068300485610962
135,0.1860,0.0000,0.5630,0.5494,0.8007827401161194
136,0.1810,0.0000,0.5674,0.5504,0.7984462380409241
137,0.1879,0.0000,0.5676,0.5511,0.791369616985321
138,0.1922,0.0000,0.5616,0.5519,0.795692503452301
139,0.1822,0.0000,0.5652,0.5526,0.7945383787155151
140,0.1607,0.0000,0.5725,0.5535,0.7918583154678345
141,0.1612,0.0000,0.5719,0.5543,0.7880982756614685
142,0.1667,0.0000,0.5697,0.5552,0.7900590300559998
143,0.1568,0.0000,0.5759,0.5561,0.7898470163345337
144,0.1486,0.0000,0.5791,0.5568,0.7896565198898315
145,0.1508,0.0000,0.5775,0.5578,0.7900851964950562
146,0.1523,0.0000,0.5770,0.5587,0.7905634641647339
147,0.1433,0.0000,0.5773,0.5596,0.7810153365135193
148,0.1430,0.0000,0.5837,0.5606,0.7832146286964417
149,0.1308,0.0000,0.5849,0.5616,0.7862779498100281
150,0.1283,0.0000,0.5852,0.5624,0.7769502997398376
151,0.1196,0.0000,0.5891,0.5635,0.7730951905250549
152,0.1159,0.0000,0.5879,0.5647,0.7759696245193481
153,0.1189,0.0000,0.5887,0.5657,0.7737863063812256
154,0.1124,0.0000,0.5932,0.5668,0.7747417688369751
155,0.1049,0.0000,0.5929,0.5677,0.7722069621086121
156,0.0982,0.0000,0.5952,0.5687,0.769866406917572
157,0.1021,0.0000,0.5923,0.5697,0.7730593681335449
158,0.0947,0.0000,0.5995,0.5708,0.7673818469047546
159,0.0834,0.0000,0.6016,0.5720,0.7617495656013489
160,0.0863,0.0000,0.6017,0.5732,0.7644585967063904
161,0.0730,0.0000,0.6026,0.5743,0.7599080204963684
162,0.0679,0.0000,0.6062,0.5754,0.7673966288566589
163,0.0752,0.0000,0.6052,0.5762,0.7601938843727112
164,0.0564,0.0000,0.6099,0.5772,0.7641071081161499
165,0.0626,0.0000,0.6096,0.5783,0.7609845995903015
166,0.0446,0.0000,0.6157,0.5795,0.7568573355674744
167,0.0319,0.0000,0.6221,0.5806,0.7567728757858276
168,0.0298,0.0000,0.6198,0.5818,0.7468734383583069
169,0.0386,0.0000,0.6184,0.5828,0.7545334100723267
170,0.0341,0.0000,0.6179,0.5839,0.7508249282836914
171,0.0249,0.0000,0.6231,0.5849,0.7501216530799866
172,0.0231,0.0000,0.6245,0.5863,0.7443948984146118
173,0.0043,0.0000,0.6278,0.5875,0.7381191253662109
174,0.0167,0.0000,0.6236,0.5889,0.7466738224029541
175,0.0011,0.0000,0.6320,0.5900,0.7394881844520569
176,-0.0103,0.0000,0.6330,0.5914,0.7405431270599365
177,-0.0013,0.0000,0.6336,0.5924,0.743667483329773
178,-0.0052,0.0000,0.6341,0.5933,0.7384647727012634
179,-0.0126,0.0000,0.6360,0.5946,0.7350479960441589
180,-0.0354,0.0000,0.6421,0.5958,0.7404654026031494
181,-0.0248,0.0000,0.6412,0.5969,0.7330529093742371
182,-0.0441,0.0000,0.6475,0.5981,0.7300447225570679
183,-0.0446,0.0000,0.6470,0.5994,0.7274057865142822
184,-0.0496,0.0000,0.6505,0.6004,0.7340299487113953
185,-0.0490,0.0000,0.6476,0.6014,0.7297617197036743
186,-0.0511,0.0000,0.6498,0.6029,0.7310728430747986
187,-0.0451,0.0000,0.6495,0.6044,0.7288284301757812
188,-0.0733,0.0000,0.6561,0.6060,0.7234789133071899
189,-0.0481,0.0000,0.6510,0.6073,0.7254582047462463
190,-0.0700,0.0000,0.6561,0.6088,0.7149220705032349
191,-0.0572,0.0000,0.6543,0.6104,0.7233709692955017
192,-0.0828,0.0000,0.6617,0.6122,0.7175156474113464
193,-0.0993,0.0000,0.6667,0.6138,0.7182537317276001
194,-0.0944,0.0000,0.6648,0.6152,0.7144529819488525
195,-0.1009,0.0000,0.6652,0.6167,0.71159428358078
196,-0.1071,0.0000,0.6702,0.6177,0.7225428223609924
197,-0.0967,0.0000,0.6665,0.6193,0.7126778960227966
198,-0.1148,0.0000,0.6708,0.6209,0.7112857103347778
199,-0.1007,0.0000,0.6686,0.6226,0.7101430296897888
200,-0.1054,0.0000,0.6706,0.6240,0.7096633315086365
201,-0.1355,0.0000,0.6782,0.6254,0.7128866314888
202,-0.1192,0.0000,0.6707,0.6265,0.7049592137336731
203,-0.1219,0.0000,0.6760,0.6277,0.7052758932113647
204,-0.1331,0.0000,0.6764,0.6293,0.7098790407180786
205,-0.1508,0.0000,0.6836,0.6309,0.7071842551231384
206,-0.1332,0.0000,0.6784,0.6323,0.7076060771942139
207,-0.1332,0.0000,0.6771,0.6340,0.7031728625297546
208,-0.1384,0.0000,0.6798,0.6353,0.7059393525123596
209,-0.1516,0.0000,0.6848,0.6370,0.7000850439071655
210,-0.1633,0.0000,0.6873,0.6392,0.6972882747650146
211,-0.1545,0.0000,0.6886,0.6404,0.700630784034729
212,-0.1494,0.0000,0.6846,0.6421,0.7043275833129883
213,-0.1600,0.0000,0.6866,0.6434,0.7049551010131836
214,-0.1716,0.0000,0.6889,0.6450,0.6999531388282776
215,-0.1796,0.0000,0.6948,0.6462,0.6988701820373535
216,-0.1683,0.0000,0.6919,0.6480,0.6937476396560669
217,-0.1807,0.0000,0.6974,0.6498,0.6932514905929565
218,-0.1763,0.0000,0.6959,0.6516,0.6885588765144348
219,-0.1723,0.0000,0.6943,0.6530,0.698016881942749
220,-0.1709,0.0000,0.6940,0.6548,0.6956066489219666
221,-0.1908,0.0000,0.6971,0.6564,0.6951110363006592
222,-0.1936,0.0000,0.6983,0.6581,0.6954724788665771
223,-0.1767,0.0000,0.6966,0.6597,0.6865752935409546
224,-0.1943,0.0000,0.7033,0.6612,0.6871552467346191
225,-0.2007,0.0000,0.7023,0.6628,0.6914832592010498
226,-0.2063,0.0000,0.7086,0.6643,0.6896621584892273
227,-0.1963,0.0000,0.7060,0.6656,0.6836651563644409
228,-0.2016,0.0000,0.7039,0.6672,0.6874301433563232
229,-0.2060,0.0000,0.7060,0.6688,0.6846510171890259
230,-0.2034,0.0000,0.7025,0.6702,0.6950035691261292
231,-0.1941,0.0000,0.7013,0.6716,0.6939433813095093
232,-0.2160,0.0000,0.7089,0.6729,0.6887393593788147
233,-0.2195,0.0000,0.7097,0.6738,0.6933828592300415
234,-0.2164,0.0000,0.7082,0.6754,0.6844873428344727
235,-0.2333,0.0000,0.7144,0.6767,0.6914874315261841
236,-0.2137,0.0000,0.7082,0.6777,0.691438615322113
237,-0.2334,0.0000,0.7147,0.6792,0.6910924315452576
238,-0.2208,0.0000,0.7102,0.6805,0.6852652430534363
239,-0.2236,0.0000,0.7131,0.6817,0.6859838962554932
240,-0.2286,0.0000,0.7163,0.6832,0.6905426383018494
241,-0.2350,0.0000,0.7167,0.6848,0.6846292614936829
242,-0.2334,0.0000,0.7165,0.6864,0.6898653507232666
243,-0.2372,0.0000,0.7165,0.6880,0.68987637758255
244,-0.2343,0.0000,0.7165,0.6896,0.6849900484085083
245,-0.2384,0.0000,0.7190,0.6912,0.6910337209701538
246,-0.2418,0.0000,0.7172,0.6927,0.6823155879974365
247,-0.2513,0.0000,0.7212,0.6941,0.6888989210128784
248,-0.2292,0.0000,0.7162,0.6952,0.685373842716217
249,-0.2515,0.0000,0.7220,0.6965,0.6861721277236938
250,-0.2513,0.0000,0.7204,0.6979,0.684624195098877
251,-0.2505,0.0000,0.7238,0.6992,0.6893243789672852
252,-0.2641,0.0000,0.7230,0.7005,0.6882586479187012
253,-0.2578,0.0000,0.7205,0.7016,0.6840918064117432
254,-0.2555,0.0000,0.7199,0.7032,0.6866278052330017
255,-0.2527,0.0000,0.7210,0.7046,0.6822991371154785
256,-0.2604,0.0000,0.7232,0.7058,0.6777638792991638
257,-0.2523,0.0000,0.7253,0.7070,0.6855900287628174
258,-0.2603,0.0000,0.7255,0.7077,0.6811877489089966
259,-0.2527,0.0000,0.7277,0.7090,0.6828293204307556
260,-0.2562,0.0000,0.7250,0.7100,0.6856463551521301
261,-0.2533,0.0000,0.7225,0.7111,0.6834024786949158
262,-0.2601,0.0000,0.7252,0.7123,0.6873716115951538
263,-0.2705,0.0000,0.7294,0.7131,0.6913174986839294
264,-0.2658,0.0000,0.7279,0.7140,0.685660719871521
265,-0.2650,0.0000,0.7282,0.7148,0.6945446729660034
266,-0.2623,0.0000,0.7276,0.7156,0.683310866355896
267,-0.2650,0.0000,0.7281,0.7164,0.6860824823379517
268,-0.2588,0.0000,0.7245,0.7171,0.6882356405258179
269,-0.2761,0.0000,0.7311,0.7180,0.6921644806861877
270,-0.2830,0.0000,0.7300,0.7190,0.6915197968482971
271,-0.2584,0.0000,0.7252,0.7201,0.6922359466552734
272,-0.2637,0.0000,0.7299,0.7209,0.6866635084152222
273,-0.2693,0.0000,0.7313,0.7216,0.680514395236969
274,-0.2746,0.0000,0.7262,0.7223,0.6919029355049133
275,-0.2719,0.0000,0.7295,0.7231,0.6870008111000061
276,-0.2741,0.0000,0.7278,0.7236,0.6855427622795105
277,-0.2760,0.0000,0.7308,0.7243,0.6858985424041748
278,-0.2829,0.0000,0.7313,0.7249,0.6920980215072632
279,-0.2725,0.0000,0.7302,0.7253,0.6903159022331238
280,-0.2799,0.0000,0.7304,0.7262,0.6876479387283325
281,-0.2871,0.0000,0.7336,0.7268,0.684448778629303
282,-0.2790,0.0000,0.7286,0.7273,0.6933275461196899
283,-0.2880,0.0000,0.7354,0.7277,0.6833817958831787
284,-0.2630,0.0000,0.7251,0.7285,0.683194637298584
285,-0.2651,0.0000,0.7253,0.7291,0.6897886395454407
286,-0.2732,0.0000,0.7287,0.7297,0.6874186396598816
287,-0.2657,0.0000,0.7284,0.7301,0.6905620098114014
288,-0.2870,0.0000,0.7315,0.7305,0.6890115141868591
289,-0.2795,0.0000,0.7308,0.7310,0.6921738982200623
290,-0.2729,0.0000,0.7297,0.7312,0.6857730150222778
291,-0.2908,0.0000,0.7340,0.7317,0.6865384578704834
292,-0.2834,0.0000,0.7327,0.7324,0.6932128071784973
293,-0.2736,0.0000,0.7296,0.7325,0.686735987663269
294,-0.2920,0.0000,0.7336,0.7328,0.6897239089012146
295,-0.2786,0.0000,0.7328,0.7332,0.6899685859680176
296,-0.2844,0.0000,0.7364,0.7334,0.6879239082336426
297,-0.2770,0.0000,0.7328,0.7338,0.6892431378364563
298,-0.2834,0.0000,0.7326,0.7342,0.6879787445068359
299,-0.2846,0.0000,0.7319,0.7343,0.6907244920730591
300,-0.2830,0.0000,0.7325,0.7345,0.6861768364906311
301,-0.2848,0.0000,0.7300,0.7348,0.6906432509422302
302,-0.2797,0.0000,0.7318,0.7349,0.6930665969848633
303,-0.2729,0.0000,0.7276,0.7352,0.6945480108261108
304,-0.2832,0.0000,0.7314,0.7351,0.6895597577095032
305,-0.2853,0.0000,0.7314,0.7353,0.6859272718429565
306,-0.2874,0.0000,0.7312,0.7354,0.686197817325592
307,-0.2845,0.0000,0.7356,0.7355,0.6856315732002258
308,-0.2914,0.0000,0.7330,0.7359,0.6929790377616882
309,-0.2853,0.0000,0.7313,0.7359,0.6915020942687988
310,-0.2943,0.0000,0.7323,0.7360,0.6933724284172058
311,-0.2823,0.0000,0.7316,0.7362,0.69797283411026
312,-0.2908,0.0000,0.7360,0.7363,0.6938896775245667
313,-0.2934,0.0000,0.7370,0.7363,0.6958574056625366
314,-0.2823,0.0000,0.7330,0.7367,0.6928330063819885
315,-0.2892,0.0000,0.7340,0.7367,0.6936468482017517
316,-0.2722,0.0000,0.7286,0.7369,0.6954150199890137
317,-0.2835,0.0000,0.7328,0.7370,0.6948636770248413
318,-0.2824,0.0000,0.7327,0.7372,0.6963305473327637
319,-0.2848,0.0000,0.7301,0.7373,0.6962822079658508
320,-0.2915,0.0000,0.7362,0.7373,0.6922732591629028
321,-0.2860,0.0000,0.7321,0.7374,0.6983234286308289
322,-0.2848,0.0000,0.7329,0.7375,0.6971530318260193
323,-0.2944,0.0000,0.7345,0.7375,0.6904157400131226
324,-0.2897,0.0000,0.7317,0.7378,0.691059410572052
325,-0.2856,0.0000,0.7320,0.7379,0.6886231303215027
326,-0.2825,0.0000,0.7322,0.7379,0.693392813205719
327,-0.2897,0.0000,0.7342,0.7380,0.692112922668457
328,-0.2970,0.0000,0.7354,0.7381,0.6888021230697632
329,-0.2816,0.0000,0.7310,0.7380,0.6956632137298584
330,-0.2889,0.0000,0.7360,0.7379,0.6999372243881226
331,-0.2946,0.0000,0.7340,0.7380,0.6936408877372742
332,-0.2866,0.0000,0.7363,0.7381,0.6900948286056519
333,-0.2859,0.0000,0.7329,0.7381,0.688681960105896
334,-0.2881,0.0000,0.7326,0.7380,0.690585732460022
335,-0.2842,0.0000,0.7329,0.7379,0.6962061524391174
336,-0.3002,0.0000,0.7376,0.7378,0.6939029097557068
337,-0.2926,0.0000,0.7348,0.7377,0.6987099647521973
338,-0.2826,0.0000,0.7302,0.7377,0.6982385516166687
339,-0.2921,0.0000,0.7347,0.7377,0.6946321725845337
340,-0.2974,0.0000,0.7371,0.7378,0.7011681199073792
341,-0.2938,0.0000,0.7358,0.7380,0.6956215500831604
342,-0.2896,0.0000,0.7332,0.7379,0.7028211951255798
343,-0.2873,0.0000,0.7317,0.7380,0.6887919306755066
344,-0.2837,0.0000,0.7327,0.7384,0.6997544169425964
345,-0.2855,0.0000,0.7314,0.7384,0.6993242502212524
346,-0.2861,0.0000,0.7305,0.7385,0.7012794017791748
347,-0.2841,0.0000,0.7335,0.7385,0.6988478899002075
348,-0.2857,0.0000,0.7323,0.7386,0.694026529788971
349,-0.3005,0.0000,0.7371,0.7385,0.6876754760742188
350,-0.2941,0.0000,0.7337,0.7386,0.7031866908073425
351,-0.2853,0.0000,0.7349,0.7386,0.6982332468032837
352,-0.2912,0.0000,0.7348,0.7385,0.6985073685646057
353,-0.3000,0.0000,0.7358,0.7384,0.6922091841697693
354,-0.2927,0.0000,0.7338,0.7386,0.6960941553115845
355,-0.2845,0.0000,0.7322,0.7385,0.6929820775985718
356,-0.2916,0.0000,0.7332,0.7385,0.6897467970848083
357,-0.2946,0.0000,0.7347,0.7385,0.6992551684379578
358,-0.2903,0.0000,0.7330,0.7385,0.7006991505622864
359,-0.3003,0.0000,0.7372,0.7384,0.6947523355484009
360,-0.2864,0.0000,0.7332,0.7383,0.6973294615745544
361,-0.2947,0.0000,0.7346,0.7383,0.698529064655304
362,-0.2981,0.0000,0.7373,0.7384,0.6999866366386414
363,-0.3048,0.0000,0.7381,0.7385,0.6955171227455139
364,-0.3029,0.0000,0.7365,0.7384,0.6946294903755188
365,-0.2894,0.0000,0.7339,0.7384,0.7014447450637817
366,-0.2945,0.0000,0.7336,0.7384,0.6965849995613098
367,-0.2924,0.0000,0.7328,0.7383,0.699508786201477
368,-0.2945,0.0000,0.7349,0.7384,0.7043616771697998
369,-0.2979,0.0000,0.7364,0.7385,0.694119930267334
370,-0.3082,0.0000,0.7401,0.7385,0.703565239906311
371,-0.2936,0.0000,0.7344,0.7384,0.6972818374633789
372,-0.2993,0.0000,0.7353,0.7384,0.7034501433372498
373,-0.3030,0.0000,0.7366,0.7383,0.70453941822052
374,-0.2982,0.0000,0.7341,0.7382,0.6989650726318359
375,-0.2919,0.0000,0.7342,0.7381,0.6927662491798401
376,-0.2930,0.0000,0.7323,0.7380,0.6979075074195862
377,-0.2950,0.0000,0.7338,0.7379,0.6992155313491821
378,-0.2920,0.0000,0.7348,0.7379,0.6972310543060303
379,-0.3068,0.0000,0.7375,0.7378,0.6996305584907532
380,-0.3100,0.0000,0.7362,0.7378,0.7039457559585571
381,-0.2832,0.0000,0.7325,0.7376,0.7062032222747803
382,-0.3066,0.0000,0.7404,0.7377,0.6973558664321899
383,-0.2953,0.0000,0.7361,0.7375,0.697999119758606
384,-0.3057,0.0000,0.7385,0.7373,0.6991354823112488
385,-0.2979,0.0000,0.7357,0.7373,0.7020891904830933
386,-0.3001,0.0000,0.7378,0.7371,0.7092465758323669
387,-0.3079,0.0000,0.7414,0.7371,0.6975950002670288
388,-0.2957,0.0000,0.7344,0.7369,0.7059178352355957
389,-0.2912,0.0000,0.7340,0.7369,0.7009360194206238
390,-0.2987,0.0000,0.7348,0.7369,0.7039325833320618
391,-0.2969,0.0000,0.7361,0.7370,0.7070106863975525
392,-0.2904,0.0000,0.7335,0.7369,0.7066873908042908
393,-0.3006,0.0000,0.7367,0.7370,0.7063112854957581
394,-0.3005,0.0000,0.7348,0.7369,0.6977084279060364
395,-0.3038,0.0000,0.7362,0.7367,0.7070757150650024
396,-0.2947,0.0000,0.7361,0.7366,0.7072521448135376
397,-0.2975,0.0000,0.7340,0.7366,0.7008994221687317
398,-0.2795,0.0000,0.7312,0.7365,0.7019908428192139
399,-0.3067,0.0000,0.7379,0.7365,0.7050819993019104
400,-0.2921,0.0000,0.7325,0.7364,0.7033752799034119
401,-0.3092,0.0000,0.7411,0.7365,0.7042152285575867
402,-0.3067,0.0000,0.7383,0.7362,0.706345796585083
403,-0.3011,0.0000,0.7352,0.7360,0.7013320326805115
404,-0.3017,0.0000,0.7376,0.7358,0.7068113684654236
405,-0.3028,0.0000,0.7391,0.7357,0.7004502415657043
406,-0.3023,0.0000,0.7371,0.7358,0.7025082111358643
407,-0.3071,0.0000,0.7386,0.7358,0.6989967823028564
408,-0.3116,0.0000,0.7412,0.7357,0.7024682760238647
409,-0.3048,0.0000,0.7388,0.7356,0.7021982669830322
410,-0.3070,0.0000,0.7379,0.7355,0.7047784328460693
411,-0.3090,0.0000,0.7399,0.7355,0.7015824317932129
412,-0.3115,0.0000,0.7401,0.7355,0.7013406753540039
413,-0.2917,0.0000,0.7312,0.7355,0.702627956867218
414,-0.3138,0.0000,0.7407,0.7355,0.6966979503631592
415,-0.3030,0.0000,0.7372,0.7355,0.7064818143844604
416,-0.2996,0.0000,0.7367,0.7353,0.7013107538223267
417,-0.3004,0.0000,0.7357,0.7353,0.7044178247451782
418,-0.3055,0.0000,0.7392,0.7352,0.7042446732521057
419,-0.3012,0.0000,0.7381,0.7352,0.7039845585823059
420,-0.2999,0.0000,0.7375,0.7353,0.7149022817611694
421,-0.3034,0.0000,0.7384,0.7353,0.7101085186004639
422,-0.3114,0.0000,0.7403,0.7354,0.7112975120544434
423,-0.3027,0.0000,0.7382,0.7352,0.706830620765686
424,-0.3164,0.0000,0.7407,0.7352,0.6964235901832581
425,-0.2965,0.0000,0.7351,0.7351,0.7143108248710632
426,-0.3043,0.0000,0.7384,0.7351,0.7060934901237488
427,-0.3198,0.0000,0.7428,0.7351,0.7106451988220215
428,-0.3106,0.0000,0.7395,0.7350,0.7043182849884033
429,-0.3027,0.0000,0.7382,0.7350,0.7081436514854431
430,-0.3156,0.0000,0.7419,0.7348,0.7131363153457642
431,-0.3080,0.0000,0.7392,0.7349,0.7065297961235046
432,-0.3063,0.0000,0.7417,0.7349,0.7091114521026611
433,-0.3156,0.0000,0.7409,0.7349,0.7108855247497559
434,-0.3009,0.0000,0.7364,0.7349,0.7084600329399109
435,-0.3080,0.0000,0.7406,0.7349,0.7012864947319031
436,-0.3090,0.0000,0.7390,0.7350,0.7019208669662476
437,-0.3110,0.0000,0.7389,0.7348,0.7112249732017517
438,-0.3179,0.0000,0.7420,0.7348,0.7137848734855652
439,-0.3160,0.0000,0.7424,0.7349,0.7027415633201599
440,-0.3086,0.0000,0.7388,0.7349,0.7070403695106506
441,-0.3076,0.0000,0.7404,0.7348,0.6973147988319397
442,-0.3009,0.0000,0.7373,0.7349,0.7028719186782837
443,-0.3095,0.0000,0.7394,0.7350,0.7020859718322754
444,-0.3070,0.0000,0.7401,0.7349,0.7090794444084167
445,-0.3144,0.0000,0.7432,0.7349,0.7089047431945801
446,-0.3075,0.0000,0.7414,0.7348,0.7111541032791138
447,-0.3191,0.0000,0.7448,0.7348,0.69947350025177
448,-0.3207,0.0000,0.7434,0.7348,0.7057986855506897
449,-0.3184,0.0000,0.7421,0.7348,0.7038108110427856
450,-0.3150,0.0000,0.7429,0.7348,0.6977291107177734
451,-0.3128,0.0000,0.7418,0.7348,0.7040380835533142
452,-0.3194,0.0000,0.7434,0.7349,0.7081608772277832
453,-0.3165,0.0000,0.7435,0.7349,0.7022185921669006
454,-0.3194,0.0000,0.7435,0.7350,0.7060323357582092
455,-0.3125,0.0000,0.7415,0.7350,0.7083526849746704
456,-0.3182,0.0000,0.7433,0.7349,0.7024402022361755
457,-0.3205,0.0000,0.7453,0.7349,0.7151651382446289
458,-0.3171,0.0000,0.7426,0.7350,0.7114056944847107
459,-0.3190,0.0000,0.7432,0.7351,0.722368597984314
460,-0.3294,0.0000,0.7455,0.7349,0.7059832215309143
461,-0.3320,0.0000,0.7479,0.7350,0.7093684673309326
462,-0.3235,0.0000,0.7447,0.7351,0.7052773237228394
463,-0.3178,0.0000,0.7419,0.7352,0.7082008719444275
464,-0.3239,0.0000,0.7450,0.7353,0.7120619416236877
465,-0.3280,0.0000,0.7469,0.7352,0.7103633880615234
466,-0.3252,0.0000,0.7457,0.7351,0.7053537368774414
467,-0.3128,0.0000,0.7419,0.7352,0.7113558053970337
468,-0.3169,0.0000,0.7420,0.7352,0.7090290784835815
469,-0.3185,0.0000,0.7444,0.7352,0.7071625590324402
470,-0.3265,0.0000,0.7463,0.7350,0.7097218632698059
471,-0.3175,0.0000,0.7443,0.7350,0.7090861797332764
472,-0.3226,0.0000,0.7441,0.7350,0.7076220512390137
473,-0.3252,0.0000,0.7461,0.7350,0.7114212512969971
474,-0.3217,0.0000,0.7441,0.7351,0.7126031517982483
475,-0.3305,0.0000,0.7471,0.7352,0.7153584361076355
476,-0.3221,0.0000,0.7460,0.7352,0.717846691608429
477,-0.3319,0.0000,0.7462,0.7353,0.714545726776123
478,-0.3201,0.0000,0.7436,0.7353,0.7140209674835205
479,-0.3228,0.0000,0.7449,0.7353,0.7076923251152039
480,-0.3318,0.0000,0.7480,0.7355,0.7127003073692322
481,-0.3278,0.0000,0.7476,0.7354,0.7131465673446655
482,-0.3246,0.0000,0.7439,0.7355,0.7125918865203857
483,-0.3290,0.0000,0.7472,0.7355,0.7167226672172546
484,-0.3301,0.0000,0.7462,0.7355,0.7126563191413879
485,-0.3262,0.0000,0.7461,0.7355,0.7100082635879517
486,-0.3275,0.0000,0.7467,0.7356,0.7154774069786072
487,-0.3245,0.0000,0.7450,0.7358,0.7201426029205322
488,-0.3350,0.0000,0.7491,0.7358,0.709744393825531
489,-0.3302,0.0000,0.7480,0.7359,0.7129058241844177
490,-0.3277,0.0000,0.7446,0.7359,0.7144257426261902
491,-0.3273,0.0000,0.7465,0.7360,0.714474081993103
492,-0.3331,0.0000,0.7498,0.7360,0.7105756998062134
493,-0.3173,0.0000,0.7446,0.7359,0.7084788680076599
494,-0.3241,0.0000,0.7484,0.7360,0.7139049768447876
495,-0.3330,0.0000,0.7478,0.7360,0.7096651792526245
496,-0.3224,0.0000,0.7453,0.7360,0.7102034091949463
497,-0.3311,0.0000,0.7487,0.7358,0.7107527852058411
498,-0.3204,0.0000,0.7445,0.7358,0.7114726901054382
499,-0.3243,0.0000,0.7442,0.7359,0.7159881591796875
